{"step": 0, "gather_fps": 0.04118469773406114, "_timestamp": 1662194115.2314174, "_runtime": 27.32528042793274, "_step": 0, "_wandb": {"runtime": 34}}