{"step": 50, "gather_fps": 121.95191850782982, "_timestamp": 1662194224.5464776, "_runtime": 27.252305507659912, "_step": 50, "_wandb": {"runtime": 29}}