{"step": 3, "gather_fps": 0.05998097828154236, "_timestamp": 1662193729.4637668, "_runtime": 79.06121182441711, "_step": 3, "_wandb": {"runtime": 93}}