{"step": 30855, "epsilon": 0.46775309420546335, "gather_fps": 244.36404869005324, "_timestamp": 1662197376.3540657, "_runtime": 527.8143365383148, "_step": 30855, "loss": 1601.5950927734375, "episode_return": 0.0, "_wandb": {"runtime": 530}}