{"step": 50, "gather_fps": 127.74651820853978, "_timestamp": 1662195536.206298, "_runtime": 29.96806812286377, "_step": 50}