{"step": 50, "gather_fps": 167.2140418268802, "_timestamp": 1662195129.3080947, "_runtime": 27.770527839660645, "_step": 50}