{"step": 51, "gather_fps": 132.53819253709514, "_timestamp": 1662195437.5996227, "_runtime": 67.9246757030487, "_step": 51, "loss": 0.3832588195800781}