{"step": 999, "gather_fps": 211.77068030259892, "_timestamp": 1662195650.765831, "_runtime": 69.92347407341003, "_step": 999, "loss": 4.641424311557785e-05, "_wandb": {"runtime": 94}}