{"step": 3968, "gather_fps": 120.9917841718598, "_timestamp": 1662195774.9837613, "_runtime": 86.82571721076965, "_step": 3968, "loss": 241.91073608398438}