{"step": 0, "gather_fps": 0.059352585958306246, "_timestamp": 1662193614.9065182, "_runtime": 202.19129920005798, "_step": 10}