{"step": 50, "gather_fps": 133.83569901273938, "_timestamp": 1662195271.313145, "_runtime": 28.80473303794861, "_step": 50}