{"initial_reset_timestamp": 1664839922.2306826, "timestamps": [1664839963.7533088], "episode_lengths": [5993], "episode_rewards": [-1.6390533447265625], "episode_types": ["t"]}