{"step": 50, "gather_fps": 61.150780640894205, "_timestamp": 1662194317.7529776, "_runtime": 27.312102556228638, "_step": 50, "_wandb": {"runtime": 35}}