{"step": 17970, "gather_fps": 232.52672137438577, "_timestamp": 1662196150.3145952, "_runtime": 268.04115414619446, "_step": 17970, "loss": 164.0220184326172, "_wandb": {"runtime": 270}}